{
    "cpu":  100.0,
    "memory":  86.5,
    "queueLength":  0,
    "errorRate":  39.0,
    "uptime":  207,
    "status":  "operational",
    "uptime_sec":  207,
    "process":  {
                    "cpu_pct":  100.0,
                    "mem_mb":  76.0234375,
                    "memory_pct":  86.5
                },
    "queue":  {
                  "depth":  0,
                  "inflight":  0,
                  "max":  1000,
                  "max_inflight":  100
              },
    "idempotency":  {
                        "hits":  0,
                        "collisions":  0
                    },
    "integrity":  {
                      "failures":  0,
                      "hash_writes":  0,
                      "migrations":  0
                  },
    "gateway":  {
                    "decisions_total":  29,
                    "decisions_today":  0,
                    "last_5_decisions":  [
                                             "@{timestamp=2026-01-16T13:08:00.508619Z; job_id=unknown; task_id=1510ebe1-ebb3-443c-9358-3c8d6e270e4d; overall_status=FAIL; allowed=True; enforcement_mode=soft}",
                                             "@{timestamp=2026-01-16T13:08:00.096555Z; job_id=unknown; task_id=1510ebe1-ebb3-443c-9358-3c8d6e270e4d; overall_status=FAIL; allowed=True; enforcement_mode=soft}",
                                             "@{timestamp=2026-01-16T13:07:59.917479Z; job_id=unknown; task_id=ce907767-1ab9-4e4d-b005-c9b2cb2ee98d; overall_status=FAIL; allowed=True; enforcement_mode=soft}",
                                             "@{timestamp=2026-01-16T13:07:59.897816Z; job_id=unknown; task_id=ce907767-1ab9-4e4d-b005-c9b2cb2ee98d; overall_status=FAIL; allowed=True; enforcement_mode=soft}",
                                             "@{timestamp=2026-01-16T13:07:59.728868Z; job_id=unknown; task_id=ce907767-1ab9-4e4d-b005-c9b2cb2ee98d; overall_status=FAIL; allowed=True; enforcement_mode=soft}"
                                         ]
                },
    "config":  {
                   "backpressure_mode":  "defer"
               }
}
