{
    "value":  [
                  {
                      "id":  "core-api",
                      "name":  "Core API",
                      "status":  "up",
                      "port":  8001,
                      "uptime":  "0h 3m 26s",
                      "lastCheck":  "2026-01-17T01:29:14.863152Z",
                      "type":  "core",
                      "dependencies":  [

                                       ]
                  },
                  {
                      "id":  "webrelay",
                      "name":  "WebRelay",
                      "status":  "down",
                      "port":  3000,
                      "uptime":  "N/A",
                      "lastCheck":  "2026-01-17T01:29:15.195905Z",
                      "type":  "relay",
                      "dependencies":  [
                                           "core-api"
                                       ]
                  },
                  {
                      "id":  "broker",
                      "name":  "Broker",
                      "status":  "down",
                      "port":  9000,
                      "uptime":  "N/A",
                      "lastCheck":  "2026-01-17T01:29:15.545910Z",
                      "type":  "engine",
                      "dependencies":  [
                                           "core-api"
                                       ]
                  },
                  {
                      "id":  "host-a",
                      "name":  "Host-A",
                      "status":  "down",
                      "port":  8081,
                      "uptime":  "N/A",
                      "lastCheck":  "2026-01-17T01:29:15.873985Z",
                      "type":  "engine",
                      "dependencies":  [
                                           "core-api"
                                       ]
                  },
                  {
                      "id":  "dashboard",
                      "name":  "Dashboard",
                      "status":  "down",
                      "port":  3001,
                      "uptime":  "N/A",
                      "lastCheck":  "2026-01-17T01:29:16.194192Z",
                      "type":  "engine",
                      "dependencies":  [
                                           "core-api"
                                       ]
                  }
              ],
    "Count":  5
}
