{
    "state":  "DEGRADED",
    "since":  1768613157.4702537,
    "duration":  "0h 3m 30s",
    "health":  {
                   "overall":  "degraded",
                   "services":  {
                                    "Core API":  "active",
                                    "WebRelay":  "down",
                                    "Broker":  "down",
                                    "Host-A":  "down",
                                    "Dashboard":  "down"
                                },
                   "critical_down":  [
                                         "WebRelay"
                                     ],
                   "non_critical_down":  [
                                             "Broker",
                                             "Host-A",
                                             "Dashboard"
                                         ]
               },
    "counters":  {

                 },
    "last_transition":  {
                            "event_id":  "7a991c07-b7ac-4336-be10-73e73094d1fc",
                            "timestamp":  1768613157.4702537,
                            "from":  "PAUSED",
                            "to":  "DEGRADED",
                            "reason":  "Some services unavailable at startup",
                            "actor":  "system",
                            "meta":  {
                                         "services":  "@{Core API=active; WebRelay=down; Broker=down; Host-A=down; Dashboard=down}"
                                     }
                        }
}
