{
  "counters": {},
  "health": {},
  "last_transition": {
    "actor": "system",
    "event_id": "7a991c07-b7ac-4336-be10-73e73094d1fc",
    "meta": {
      "services": {
        "Broker": "down",
        "Core API": "active",
        "Dashboard": "down",
        "Host-A": "down",
        "WebRelay": "down"
      }
    },
    "next_state": "DEGRADED",
    "prev_state": "PAUSED",
    "reason": "Some services unavailable at startup",
    "ts": 1768613157.4702537
  },
  "since_ts": 1768613157.4702537,
  "state": "DEGRADED"
}