[
  {
    "Name": "ALLUSERSPROFILE"
  },
  {
    "Name": "ANTIGRAVITY_AGENT"
  },
  {
    "Name": "ANTIGRAVITY_CLI_ALIAS"
  },
  {
    "Name": "APPDATA"
  },
  {
    "Name": "BUNDLED_DEBUGPY_PATH"
  },
  {
    "Name": "CHROME_CRASHPAD_PIPE_NAME"
  },
  {
    "Name": "CMAKE_ARGS"
  },
  {
    "Name": "COLORTERM"
  },
  {
    "Name": "CommonProgramFiles"
  },
  {
    "Name": "CommonProgramFiles(x86)"
  },
  {
    "Name": "CommonProgramW6432"
  },
  {
    "Name": "COMPUTERNAME"
  },
  {
    "Name": "ComSpec"
  },
  {
    "Name": "DriverData"
  },
  {
    "Name": "EFC_10992_1262719628"
  },
  {
    "Name": "EFC_10992_1592913036"
  },
  {
    "Name": "EFC_10992_2283032206"
  },
  {
    "Name": "EFC_10992_2775293581"
  },
  {
    "Name": "EFC_10992_3789132940"
  },
  {
    "Name": "GIT_ASKPASS"
  },
  {
    "Name": "HOMEDRIVE"
  },
  {
    "Name": "HOMEPATH"
  },
  {
    "Name": "LANG"
  },
  {
    "Name": "LOCALAPPDATA"
  },
  {
    "Name": "LOGONSERVER"
  },
  {
    "Name": "NUMBER_OF_PROCESSORS"
  },
  {
    "Name": "OneDrive"
  },
  {
    "Name": "OneDriveConsumer"
  },
  {
    "Name": "ORIGINAL_XDG_CURRENT_DESKTOP"
  },
  {
    "Name": "OS"
  },
  {
    "Name": "PAGER"
  },
  {
    "Name": "Path"
  },
  {
    "Name": "PATHEXT"
  },
  {
    "Name": "POWERSHELL_DISTRIBUTION_CHANNEL"
  },
  {
    "Name": "PROCESSOR_ARCHITECTURE"
  },
  {
    "Name": "PROCESSOR_IDENTIFIER"
  },
  {
    "Name": "PROCESSOR_LEVEL"
  },
  {
    "Name": "PROCESSOR_REVISION"
  },
  {
    "Name": "ProgramData"
  },
  {
    "Name": "ProgramFiles"
  },
  {
    "Name": "ProgramFiles(x86)"
  },
  {
    "Name": "ProgramW6432"
  },
  {
    "Name": "PSExecutionPolicyPreference"
  },
  {
    "Name": "PSModulePath"
  },
  {
    "Name": "PUBLIC"
  },
  {
    "Name": "PYDEVD_DISABLE_FILE_VALIDATION"
  },
  {
    "Name": "PYTHON_BASIC_REPL"
  },
  {
    "Name": "PYTHONPATH"
  },
  {
    "Name": "PYTHONSTARTUP"
  },
  {
    "Name": "SESSIONNAME"
  },
  {
    "Name": "SHERATAN_CORE_URL"
  },
  {
    "Name": "SHERATAN_HUB_TOKEN"
  },
  {
    "Name": "SHERATAN_HUB_TOKEN_REQUIRED"
  },
  {
    "Name": "SHERATAN_REPO_ROOT"
  },
  {
    "Name": "SHERATAN_TOWER_HOST"
  },
  {
    "Name": "SystemDrive"
  },
  {
    "Name": "SystemRoot"
  },
  {
    "Name": "TEMP"
  },
  {
    "Name": "TERM_PROGRAM"
  },
  {
    "Name": "TERM_PROGRAM_VERSION"
  },
  {
    "Name": "TMP"
  },
  {
    "Name": "USERDOMAIN"
  },
  {
    "Name": "USERDOMAIN_ROAMINGPROFILE"
  },
  {
    "Name": "USERNAME"
  },
  {
    "Name": "USERPROFILE"
  },
  {
    "Name": "VSCODE_DEBUGPY_ADAPTER_ENDPOINTS"
  },
  {
    "Name": "VSCODE_GIT_ASKPASS_EXTRA_ARGS"
  },
  {
    "Name": "VSCODE_GIT_ASKPASS_MAIN"
  },
  {
    "Name": "VSCODE_GIT_ASKPASS_NODE"
  },
  {
    "Name": "VSCODE_GIT_IPC_HANDLE"
  },
  {
    "Name": "VSCODE_INJECTION"
  },
  {
    "Name": "VSCODE_PYTHON_AUTOACTIVATE_GUARD"
  },
  {
    "Name": "windir"
  },
  {
    "Name": "ZES_ENABLE_SYSMAN"
  }
]
