[
  {
    "Name": "ALLUSERSPROFILE",
    "Value": "C:\\ProgramData"
  },
  {
    "Name": "ANTIGRAVITY_EDITOR_APP_ROOT",
    "Value": "c:\\Users\\jerre\\AppData\\Local\\Programs\\Antigravity\\resources\\app"
  },
  {
    "Name": "APPDATA",
    "Value": "C:\\Users\\jerre\\AppData\\Roaming"
  },
  {
    "Name": "CHROME_CRASHPAD_PIPE_NAME",
    "Value": "\\\\.\\pipe\\crashpad_20128_TOXRRDLIQGPXLUSO"
  },
  {
    "Name": "CMAKE_ARGS",
    "Value": "-DLLAMA_BUILD_EXAMPLES=OFF -DLLAMA_BUILD_TESTS=OFF"
  },
  {
    "Name": "CommonProgramFiles",
    "Value": "C:\\Program Files\\Common Files"
  },
  {
    "Name": "CommonProgramFiles(x86)",
    "Value": "C:\\Program Files (x86)\\Common Files"
  },
  {
    "Name": "CommonProgramW6432",
    "Value": "C:\\Program Files\\Common Files"
  },
  {
    "Name": "COMPUTERNAME",
    "Value": "DESKTOP-MF1UE36"
  },
  {
    "Name": "ComSpec",
    "Value": "C:\\WINDOWS\\system32\\cmd.exe"
  },
  {
    "Name": "DriverData",
    "Value": "C:\\Windows\\System32\\Drivers\\DriverData"
  },
  {
    "Name": "EFC_10992_1262719628",
    "Value": "1"
  },
  {
    "Name": "EFC_10992_1592913036",
    "Value": "1"
  },
  {
    "Name": "EFC_10992_2283032206",
    "Value": "1"
  },
  {
    "Name": "EFC_10992_2775293581",
    "Value": "1"
  },
  {
    "Name": "EFC_10992_3789132940",
    "Value": "1"
  },
  {
    "Name": "ELECTRON_RUN_AS_NODE",
    "Value": "1"
  },
  {
    "Name": "FPS_BROWSER_APP_PROFILE_STRING",
    "Value": "Internet Explorer"
  },
  {
    "Name": "FPS_BROWSER_USER_PROFILE_STRING",
    "Value": "Default"
  },
  {
    "Name": "HOMEDRIVE",
    "Value": "C:"
  },
  {
    "Name": "HOMEPATH",
    "Value": "\\Users\\jerre"
  },
  {
    "Name": "LOCALAPPDATA",
    "Value": "C:\\Users\\jerre\\AppData\\Local"
  },
  {
    "Name": "LOGONSERVER",
    "Value": "\\\\DESKTOP-MF1UE36"
  },
  {
    "Name": "NO_PROXY",
    "Value": "*.azureedge.net"
  },
  {
    "Name": "NUMBER_OF_PROCESSORS",
    "Value": "8"
  },
  {
    "Name": "OneDrive",
    "Value": "C:\\Users\\jerre\\OneDrive"
  },
  {
    "Name": "OneDriveConsumer",
    "Value": "C:\\Users\\jerre\\OneDrive"
  },
  {
    "Name": "ORIGINAL_XDG_CURRENT_DESKTOP",
    "Value": "undefined"
  },
  {
    "Name": "OS",
    "Value": "Windows_NT"
  },
  {
    "Name": "Path",
    "Value": "C:\\Program Files\\PowerShell\\7;C:\\Program Files (x86)\\Common Files\\Oracle\\Java\\javapath;C:\\WINDOWS\\system32;C:\\WINDOWS;C:\\WINDOWS\\System32\\Wbem;C:\\WINDOWS\\System32\\WindowsPowerShell\\v1.0\\;C:\\WINDOWS\\System32\\OpenSSH\\;C:\\Program Files (x86)\\dotnet\\;C:\\Program Files\\dotnet\\;C:\\Program Files\\Git\\cmd;C:\\Program Files\\nodejs\\;C:\\Users\\jerre\\AppData\\Local\\Programs\\Python\\Python311\\Scripts\\;C:\\Users\\jerre\\AppData\\Local\\Programs\\Python\\Python311\\;C:\\Users\\jerre\\AppData\\Local\\Microsoft\\WindowsApps;C:\\Users\\jerre\\.dotnet\\tools;C:\\Users\\jerre\\AppData\\Local\\Programs\\Ollama;C:\\Users\\jerre\\AppData\\Local\\Programs\\cursor\\resources\\app\\bin;C:\\Users\\jerre\\AppData\\Local\\GitHubDesktop\\bin;C:\\Users\\jerre\\AppData\\Local\\Programs\\Microsoft VS Code\\bin;C:\\Users\\jerre\\AppData\\Roaming\\npm;C:\\platform-tools;C:\\Program Files\\GitHub CLI\\;C:\\Program Files\\PowerShell\\7\\;C:\\Program Files\\Docker\\Docker\\resources\\bin;C:\\Users\\jerre\\AppData\\Local\\Programs\\Python\\Python311\\Scripts\\;C:\\Users\\jerre\\AppData\\Local\\Programs\\Python\\Python311\\;C:\\Users\\jerre\\AppData\\Local\\Microsoft\\WindowsApps;C:\\Users\\jerre\\.dotnet\\tools;C:\\Users\\jerre\\AppData\\Local\\Programs\\Ollama;C:\\Users\\jerre\\AppData\\Local\\Programs\\cursor\\resources\\app\\bin;C:\\Users\\jerre\\AppData\\Local\\GitHubDesktop\\bin;C:\\Users\\jerre\\AppData\\Local\\Programs\\Microsoft VS Code\\bin;C:\\Users\\jerre\\AppData\\Roaming\\npm;C:\\Users\\jerre\\AppData\\Local\\Programs\\Antigravity\\bin"
  },
  {
    "Name": "PATHEXT",
    "Value": ".COM;.EXE;.BAT;.CMD;.VBS;.VBE;.JS;.JSE;.WSF;.WSH;.MSC;.CPL"
  },
  {
    "Name": "POWERSHELL_DISTRIBUTION_CHANNEL",
    "Value": "MSI:Windows 10 Home"
  },
  {
    "Name": "PROCESSOR_ARCHITECTURE",
    "Value": "AMD64"
  },
  {
    "Name": "PROCESSOR_IDENTIFIER",
    "Value": "Intel64 Family 6 Model 126 Stepping 5, GenuineIntel"
  },
  {
    "Name": "PROCESSOR_LEVEL",
    "Value": "6"
  },
  {
    "Name": "PROCESSOR_REVISION",
    "Value": "7e05"
  },
  {
    "Name": "ProgramData",
    "Value": "C:\\ProgramData"
  },
  {
    "Name": "ProgramFiles",
    "Value": "C:\\Program Files"
  },
  {
    "Name": "ProgramFiles(x86)",
    "Value": "C:\\Program Files (x86)"
  },
  {
    "Name": "ProgramW6432",
    "Value": "C:\\Program Files"
  },
  {
    "Name": "PSModulePath",
    "Value": "C:\\Users\\jerre\\OneDrive\\Dokumente\\PowerShell\\Modules;C:\\Program Files\\PowerShell\\Modules;c:\\program files\\powershell\\7\\Modules;C:\\Program Files\\WindowsPowerShell\\Modules;C:\\WINDOWS\\system32\\WindowsPowerShell\\v1.0\\Modules"
  },
  {
    "Name": "PUBLIC",
    "Value": "C:\\Users\\Public"
  },
  {
    "Name": "SESSIONNAME",
    "Value": "Console"
  },
  {
    "Name": "SHERATAN_TOWER_HOST",
    "Value": "192.168.0.2"
  },
  {
    "Name": "SystemDrive",
    "Value": "C:"
  },
  {
    "Name": "SystemRoot",
    "Value": "C:\\WINDOWS"
  },
  {
    "Name": "TEMP",
    "Value": "C:\\Users\\jerre\\AppData\\Local\\Temp"
  },
  {
    "Name": "TMP",
    "Value": "C:\\Users\\jerre\\AppData\\Local\\Temp"
  },
  {
    "Name": "USERDOMAIN",
    "Value": "DESKTOP-MF1UE36"
  },
  {
    "Name": "USERDOMAIN_ROAMINGPROFILE",
    "Value": "DESKTOP-MF1UE36"
  },
  {
    "Name": "USERNAME",
    "Value": "jerre"
  },
  {
    "Name": "USERPROFILE",
    "Value": "C:\\Users\\jerre"
  },
  {
    "Name": "VSCODE_CODE_CACHE_PATH",
    "Value": "C:\\Users\\jerre\\AppData\\Roaming\\Antigravity\\CachedData\\450b6b28083d737992adc5d19637f22c95ffba7b"
  },
  {
    "Name": "VSCODE_CRASH_REPORTER_PROCESS_TYPE",
    "Value": "extensionHost"
  },
  {
    "Name": "VSCODE_CWD",
    "Value": "C:\\Users\\jerre\\AppData\\Local\\Programs\\Antigravity"
  },
  {
    "Name": "VSCODE_ESM_ENTRYPOINT",
    "Value": "vs/workbench/api/node/extensionHostProcess"
  },
  {
    "Name": "VSCODE_HANDLES_UNCAUGHT_ERRORS",
    "Value": "true"
  },
  {
    "Name": "VSCODE_IPC_HOOK",
    "Value": "\\\\.\\pipe\\a7edd2b5-1.104.0-main-sock"
  },
  {
    "Name": "VSCODE_L10N_BUNDLE_LOCATION",
    "Value": ""
  },
  {
    "Name": "VSCODE_NLS_CONFIG",
    "Value": "{\"userLocale\":\"en-us\",\"osLocale\":\"de-ch\",\"resolvedLanguage\":\"en\",\"defaultMessagesFile\":\"C:\\\\Users\\\\jerre\\\\AppData\\\\Local\\\\Programs\\\\Antigravity\\\\resources\\\\app\\\\out\\\\nls.messages.json\",\"locale\":\"en-us\",\"availableLanguages\":{}}"
  },
  {
    "Name": "VSCODE_PID",
    "Value": "20128"
  },
  {
    "Name": "windir",
    "Value": "C:\\WINDOWS"
  },
  {
    "Name": "ZES_ENABLE_SYSMAN",
    "Value": "1"
  }
]
