[
  {
    "id": "core-api",
    "name": "Core API",
    "status": "active",
    "port": 8001,
    "uptime": "7h 29m 48s",
    "lastCheck": "2026-01-16T18:43:58.807827Z",
    "type": "core",
    "dependencies": []
  },
  {
    "id": "webrelay",
    "name": "WebRelay",
    "status": "active",
    "port": 3000,
    "uptime": "online",
    "lastCheck": "2026-01-16T18:43:58.80895Z",
    "type": "relay",
    "dependencies": [
      "core-api"
    ]
  },
  {
    "id": "broker",
    "name": "Broker",
    "status": "active",
    "port": 9000,
    "uptime": "online",
    "lastCheck": "2026-01-16T18:43:58.809543Z",
    "type": "engine",
    "dependencies": [
      "core-api"
    ]
  },
  {
    "id": "host-a",
    "name": "Host-A",
    "status": "active",
    "port": 8081,
    "uptime": "online",
    "lastCheck": "2026-01-16T18:43:58.811737Z",
    "type": "engine",
    "dependencies": [
      "core-api"
    ]
  },
  {
    "id": "dashboard",
    "name": "Dashboard",
    "status": "active",
    "port": 3001,
    "uptime": "online",
    "lastCheck": "2026-01-16T18:43:59.82683Z",
    "type": "engine",
    "dependencies": [
      "core-api"
    ]
  }
]
