{
  "state": "PAUSED",
  "since": 1768522875.8505075,
  "duration": "18h 22m 49s",
  "health": {
    "overall": "operational",
    "services": {
      "Core API": "active",
      "WebRelay": "active",
      "Broker": "active",
      "Host-A": "active",
      "Dashboard": "active"
    },
    "critical_down": [],
    "non_critical_down": []
  },
  "counters": {},
  "last_transition": {
    "event_id": "3478d77c-57bc-43bf-8342-231e1cfe3249",
    "timestamp": 1768548254.425498,
    "from": "PAUSED",
    "to": "PAUSED",
    "reason": "System shutdown initiated",
    "actor": "system",
    "meta": {
      "noop": true
    }
  }
}
