[
    {
        "Name":  "ALLUSERSPROFILE",
        "Value":  "C:\\ProgramData"
    },
    {
        "Name":  "ANTIGRAVITY_AGENT",
        "Value":  "1"
    },
    {
        "Name":  "ANTIGRAVITY_CLI_ALIAS",
        "Value":  "agy"
    },
    {
        "Name":  "APPDATA",
        "Value":  "C:\\Users\\jerre\\AppData\\Roaming"
    },
    {
        "Name":  "BUNDLED_DEBUGPY_PATH",
        "Value":  "c:\\Users\\jerre\\.antigravity\\extensions\\ms-python.debugpy-2025.18.0-win32-x64\\bundled\\libs\\debugpy"
    },
    {
        "Name":  "CHROME_CRASHPAD_PIPE_NAME",
        "Value":  "\\\\.\\pipe\\crashpad_23844_TBERWTEQDBQJFYSH"
    },
    {
        "Name":  "CMAKE_ARGS",
        "Value":  "-DLLAMA_BUILD_EXAMPLES=OFF -DLLAMA_BUILD_TESTS=OFF"
    },
    {
        "Name":  "COLORTERM",
        "Value":  "truecolor"
    },
    {
        "Name":  "CommonProgramFiles",
        "Value":  "C:\\Program Files\\Common Files"
    },
    {
        "Name":  "CommonProgramFiles(x86)",
        "Value":  "C:\\Program Files (x86)\\Common Files"
    },
    {
        "Name":  "CommonProgramW6432",
        "Value":  "C:\\Program Files\\Common Files"
    },
    {
        "Name":  "COMPUTERNAME",
        "Value":  "DESKTOP-MF1UE36"
    },
    {
        "Name":  "ComSpec",
        "Value":  "C:\\WINDOWS\\system32\\cmd.exe"
    },
    {
        "Name":  "DriverData",
        "Value":  "C:\\Windows\\System32\\Drivers\\DriverData"
    },
    {
        "Name":  "EFC_10992_1262719628",
        "Value":  "1"
    },
    {
        "Name":  "EFC_10992_1592913036",
        "Value":  "1"
    },
    {
        "Name":  "EFC_10992_2283032206",
        "Value":  "1"
    },
    {
        "Name":  "EFC_10992_2775293581",
        "Value":  "1"
    },
    {
        "Name":  "EFC_10992_3789132940",
        "Value":  "1"
    },
    {
        "Name":  "FPS_BROWSER_APP_PROFILE_STRING",
        "Value":  "Internet Explorer"
    },
    {
        "Name":  "FPS_BROWSER_USER_PROFILE_STRING",
        "Value":  "Default"
    },
    {
        "Name":  "GIT_ASKPASS",
        "Value":  "c:\\Users\\jerre\\AppData\\Local\\Programs\\Antigravity\\resources\\app\\extensions\\git\\dist\\askpass.sh"
    },
    {
        "Name":  "GOV_DRY_RUN",
        "Value":  "1"
    },
    {
        "Name":  "GOV_ENABLED",
        "Value":  "1"
    },
    {
        "Name":  "HOMEDRIVE",
        "Value":  "C:"
    },
    {
        "Name":  "HOMEPATH",
        "Value":  "\\Users\\jerre"
    },
    {
        "Name":  "LANG",
        "Value":  "en_US.UTF-8"
    },
    {
        "Name":  "LEDGER_DEFAULT_MARGIN",
        "Value":  "0.15"
    },
    {
        "Name":  "LEDGER_JOURNAL_HTTP_PORT",
        "Value":  "8100"
    },
    {
        "Name":  "LEDGER_JOURNAL_PATH",
        "Value":  "ledger_events.jsonl"
    },
    {
        "Name":  "LEDGER_MAX_MARGIN",
        "Value":  "0.50"
    },
    {
        "Name":  "LEDGER_MODE",
        "Value":  "writer"
    },
    {
        "Name":  "LOCALAPPDATA",
        "Value":  "C:\\Users\\jerre\\AppData\\Local"
    },
    {
        "Name":  "LOGONSERVER",
        "Value":  "\\\\DESKTOP-MF1UE36"
    },
    {
        "Name":  "NUMBER_OF_PROCESSORS",
        "Value":  "8"
    },
    {
        "Name":  "OneDrive",
        "Value":  "C:\\Users\\jerre\\OneDrive"
    },
    {
        "Name":  "OneDriveConsumer",
        "Value":  "C:\\Users\\jerre\\OneDrive"
    },
    {
        "Name":  "ORIGINAL_XDG_CURRENT_DESKTOP",
        "Value":  "undefined"
    },
    {
        "Name":  "OS",
        "Value":  "Windows_NT"
    },
    {
        "Name":  "PAGER",
        "Value":  "cat"
    },
    {
        "Name":  "Path",
        "Value":  "C:\\Program Files\\PowerShell\\7;C:\\Program Files (x86)\\Common Files\\Oracle\\Java\\javapath;C:\\WINDOWS\\system32;C:\\WINDOWS;C:\\WINDOWS\\System32\\Wbem;C:\\WINDOWS\\System32\\WindowsPowerShell\\v1.0\\;C:\\WINDOWS\\System32\\OpenSSH\\;C:\\Program Files (x86)\\dotnet\\;C:\\Program Files\\dotnet\\;C:\\Program Files\\Git\\cmd;C:\\Program Files\\nodejs\\;C:\\Users\\jerre\\AppData\\Local\\Programs\\Python\\Python311\\Scripts\\;C:\\Users\\jerre\\AppData\\Local\\Programs\\Python\\Python311\\;C:\\Users\\jerre\\AppData\\Local\\Microsoft\\WindowsApps;C:\\Users\\jerre\\.dotnet\\tools;C:\\Users\\jerre\\AppData\\Local\\Programs\\Ollama;C:\\Users\\jerre\\AppData\\Local\\Programs\\cursor\\resources\\app\\bin;C:\\Users\\jerre\\AppData\\Local\\GitHubDesktop\\bin;C:\\Users\\jerre\\AppData\\Local\\Programs\\Microsoft VS Code\\bin;C:\\Users\\jerre\\AppData\\Roaming\\npm;C:\\platform-tools;C:\\Program Files\\GitHub CLI\\;C:\\Program Files\\PowerShell\\7\\;C:\\Program Files\\Docker\\Docker\\resources\\bin;C:\\Users\\jerre\\AppData\\Local\\Programs\\Python\\Python311\\Scripts\\;C:\\Users\\jerre\\AppData\\Local\\Programs\\Python\\Python311\\;C:\\Users\\jerre\\AppData\\Local\\Microsoft\\WindowsApps;C:\\Users\\jerre\\.dotnet\\tools;C:\\Users\\jerre\\AppData\\Local\\Programs\\Ollama;C:\\Users\\jerre\\AppData\\Local\\Programs\\cursor\\resources\\app\\bin;C:\\Users\\jerre\\AppData\\Local\\GitHubDesktop\\bin;C:\\Users\\jerre\\AppData\\Local\\Programs\\Microsoft VS Code\\bin;C:\\Users\\jerre\\AppData\\Roaming\\npm;C:\\Users\\jerre\\AppData\\Local\\Programs\\Antigravity\\bin;c:\\Users\\jerre\\.antigravity\\extensions\\ms-python.debugpy-2025.18.0-win32-x64\\bundled\\scripts\\noConfigScripts"
    },
    {
        "Name":  "PATHEXT",
        "Value":  ".COM;.EXE;.BAT;.CMD;.VBS;.VBE;.JS;.JSE;.WSF;.WSH;.MSC;.CPL"
    },
    {
        "Name":  "POWERSHELL_DISTRIBUTION_CHANNEL",
        "Value":  "MSI:Windows 10 Home"
    },
    {
        "Name":  "PROCESSOR_ARCHITECTURE",
        "Value":  "AMD64"
    },
    {
        "Name":  "PROCESSOR_IDENTIFIER",
        "Value":  "Intel64 Family 6 Model 126 Stepping 5, GenuineIntel"
    },
    {
        "Name":  "PROCESSOR_LEVEL",
        "Value":  "6"
    },
    {
        "Name":  "PROCESSOR_REVISION",
        "Value":  "7e05"
    },
    {
        "Name":  "ProgramData",
        "Value":  "C:\\ProgramData"
    },
    {
        "Name":  "ProgramFiles",
        "Value":  "C:\\Program Files"
    },
    {
        "Name":  "ProgramFiles(x86)",
        "Value":  "C:\\Program Files (x86)"
    },
    {
        "Name":  "ProgramW6432",
        "Value":  "C:\\Program Files"
    },
    {
        "Name":  "PSExecutionPolicyPreference",
        "Value":  "Bypass"
    },
    {
        "Name":  "PSModulePath",
        "Value":  "C:\\Users\\jerre\\OneDrive\\Dokumente\\PowerShell\\Modules;C:\\Program Files\\PowerShell\\Modules;c:\\program files\\powershell\\7\\Modules;C:\\Program Files\\WindowsPowerShell\\Modules;C:\\WINDOWS\\system32\\WindowsPowerShell\\v1.0\\Modules"
    },
    {
        "Name":  "PUBLIC",
        "Value":  "C:\\Users\\Public"
    },
    {
        "Name":  "PYDEVD_DISABLE_FILE_VALIDATION",
        "Value":  "1"
    },
    {
        "Name":  "PYTHON_BASIC_REPL",
        "Value":  "1"
    },
    {
        "Name":  "PYTHONPATH",
        "Value":  "."
    },
    {
        "Name":  "PYTHONSTARTUP",
        "Value":  "c:\\Users\\jerre\\AppData\\Roaming\\Antigravity\\User\\workspaceStorage\\40cbba0d648f49966411677e643db286\\ms-python.python\\pythonrc.py"
    },
    {
        "Name":  "RELAY_IN_DIR",
        "Value":  "data/webrelay_in"
    },
    {
        "Name":  "RELAY_OUT_DIR",
        "Value":  "data/webrelay_out"
    },
    {
        "Name":  "SESSIONNAME",
        "Value":  "Console"
    },
    {
        "Name":  "SHERATAN_LLM_BASE_URL",
        "Value":  "http://localhost:3000/api/job/submit"
    },
    {
        "Name":  "SHERATAN_LLM_MODEL",
        "Value":  "chatgpt"
    },
    {
        "Name":  "SHERATAN_TOWER_HOST",
        "Value":  "192.168.0.2"
    },
    {
        "Name":  "SystemDrive",
        "Value":  "C:"
    },
    {
        "Name":  "SystemRoot",
        "Value":  "C:\\WINDOWS"
    },
    {
        "Name":  "TEMP",
        "Value":  "C:\\Users\\jerre\\AppData\\Local\\Temp"
    },
    {
        "Name":  "TERM_PROGRAM",
        "Value":  "vscode"
    },
    {
        "Name":  "TERM_PROGRAM_VERSION",
        "Value":  "1.104.0"
    },
    {
        "Name":  "TMP",
        "Value":  "C:\\Users\\jerre\\AppData\\Local\\Temp"
    },
    {
        "Name":  "USERDOMAIN",
        "Value":  "DESKTOP-MF1UE36"
    },
    {
        "Name":  "USERDOMAIN_ROAMINGPROFILE",
        "Value":  "DESKTOP-MF1UE36"
    },
    {
        "Name":  "USERNAME",
        "Value":  "jerre"
    },
    {
        "Name":  "USERPROFILE",
        "Value":  "C:\\Users\\jerre"
    },
    {
        "Name":  "VSCODE_DEBUGPY_ADAPTER_ENDPOINTS",
        "Value":  "c:\\Users\\jerre\\.antigravity\\extensions\\ms-python.debugpy-2025.18.0-win32-x64\\.noConfigDebugAdapterEndpoints\\endpoint-59c7350685e758bf.txt"
    },
    {
        "Name":  "VSCODE_GIT_ASKPASS_EXTRA_ARGS",
        "Value":  ""
    },
    {
        "Name":  "VSCODE_GIT_ASKPASS_MAIN",
        "Value":  "c:\\Users\\jerre\\AppData\\Local\\Programs\\Antigravity\\resources\\app\\extensions\\git\\dist\\askpass-main.js"
    },
    {
        "Name":  "VSCODE_GIT_ASKPASS_NODE",
        "Value":  "C:\\Users\\jerre\\AppData\\Local\\Programs\\Antigravity\\Antigravity.exe"
    },
    {
        "Name":  "VSCODE_GIT_IPC_HANDLE",
        "Value":  "\\\\.\\pipe\\vscode-git-dce940dc19-sock"
    },
    {
        "Name":  "VSCODE_INJECTION",
        "Value":  "1"
    },
    {
        "Name":  "VSCODE_PYTHON_AUTOACTIVATE_GUARD",
        "Value":  "1"
    },
    {
        "Name":  "windir",
        "Value":  "C:\\WINDOWS"
    },
    {
        "Name":  "ZES_ENABLE_SYSMAN",
        "Value":  "1"
    }
]
