{
    "value":  [
                  {
                      "id":  "core-api",
                      "name":  "Core API",
                      "status":  "up",
                      "port":  8001,
                      "uptime":  "0h 2m 45s",
                      "lastCheck":  "2026-01-17T01:28:34.826777Z",
                      "type":  "core",
                      "dependencies":  [

                                       ]
                  },
                  {
                      "id":  "webrelay",
                      "name":  "WebRelay",
                      "status":  "down",
                      "port":  3000,
                      "uptime":  "N/A",
                      "lastCheck":  "2026-01-17T01:28:35.147516Z",
                      "type":  "relay",
                      "dependencies":  [
                                           "core-api"
                                       ]
                  },
                  {
                      "id":  "broker",
                      "name":  "Broker",
                      "status":  "down",
                      "port":  9000,
                      "uptime":  "N/A",
                      "lastCheck":  "2026-01-17T01:28:35.471257Z",
                      "type":  "engine",
                      "dependencies":  [
                                           "core-api"
                                       ]
                  },
                  {
                      "id":  "host-a",
                      "name":  "Host-A",
                      "status":  "down",
                      "port":  8081,
                      "uptime":  "N/A",
                      "lastCheck":  "2026-01-17T01:28:35.794983Z",
                      "type":  "engine",
                      "dependencies":  [
                                           "core-api"
                                       ]
                  },
                  {
                      "id":  "dashboard",
                      "name":  "Dashboard",
                      "status":  "down",
                      "port":  3001,
                      "uptime":  "N/A",
                      "lastCheck":  "2026-01-17T01:28:36.115570Z",
                      "type":  "engine",
                      "dependencies":  [
                                           "core-api"
                                       ]
                  }
              ],
    "Count":  5
}
