{
  "schema": "sheratan.nodes_registry@1",
  "nodes": {
    "NODE_BRAIN_A": {
      "last_seen_utc": "2026-01-02T19:38:00.282763Z",
      "project_id": "sheratan_repo",
      "current_bundle_id": "SNAP_BRAIN_001",
      "health": "DEAD",
      "queue": "@{inbound_requests=0; outbound_results=0}",
      "meta": ""
    },
    "NODE_BRAIN_B": {
      "last_seen_utc": "2026-01-02T19:38:03.940582Z",
      "project_id": "sheratan_repo",
      "current_bundle_id": "SNAP_BRAIN_001",
      "health": "DEAD",
      "queue": "@{inbound_requests=0; outbound_results=0}",
      "meta": ""
    },
    "NODE_WORK_B": {
      "last_seen_utc": "2026-01-15T20:31:06.598105Z",
      "project_id": "sheratan_repo",
      "current_bundle_id": "SNAP_0000-00-00_000000",
      "health": "RED",
      "queue": "@{inbound_requests=0; outbound_results=0}",
      "meta": ""
    },
    "node-A-manual": {
      "last_seen_utc": "2026-01-15T20:07:49.453479Z",
      "project_id": null,
      "current_bundle_id": null,
      "health": "DEAD",
      "queue": "",
      "meta": ""
    },
    "node-A": {
      "last_seen_utc": "2026-01-15T20:31:05.982457Z",
      "project_id": null,
      "current_bundle_id": null,
      "health": "GREEN",
      "queue": "",
      "meta": ""
    }
  }
}
