[
  {
    "id": "core-api",
    "name": "Core API",
    "status": "active",
    "port": 8001,
    "uptime": "7h 32m 16s",
    "lastCheck": "2026-01-16T18:46:26.971852Z",
    "type": "core",
    "dependencies": []
  },
  {
    "id": "webrelay",
    "name": "WebRelay",
    "status": "active",
    "port": 3000,
    "uptime": "online",
    "lastCheck": "2026-01-16T18:46:26.972992Z",
    "type": "relay",
    "dependencies": [
      "core-api"
    ]
  },
  {
    "id": "broker",
    "name": "Broker",
    "status": "active",
    "port": 9000,
    "uptime": "online",
    "lastCheck": "2026-01-16T18:46:26.973595Z",
    "type": "engine",
    "dependencies": [
      "core-api"
    ]
  },
  {
    "id": "host-a",
    "name": "Host-A",
    "status": "active",
    "port": 8081,
    "uptime": "online",
    "lastCheck": "2026-01-16T18:46:26.973595Z",
    "type": "engine",
    "dependencies": [
      "core-api"
    ]
  },
  {
    "id": "dashboard",
    "name": "Dashboard",
    "status": "active",
    "port": 3001,
    "uptime": "online",
    "lastCheck": "2026-01-16T18:46:27.963374Z",
    "type": "engine",
    "dependencies": [
      "core-api"
    ]
  }
]
